{"fx": 638.519775390625, "fy": 638.519775390625, "ppx": 648.42236328125, "ppy": 364.3078308105469, "height": 720, "width": 1280, "depth_scale": 0.0010000000474974513}