{"fx": 383.11187744140625, "fy": 383.11187744140625, "ppx": 325.05340576171875, "ppy": 242.58470153808594, "height": 480, "width": 640, "depth_scale": 0.0010000000474974513}