{"fx": 909.939697265625, "fy": 909.9850463867188, "ppx": 646.4209594726562, "ppy": 361.7229309082031, "height": 720, "width": 1280, "depth_scale": 0.0010000000474974513}